{
  "meshes": [
    {
      "indices": [0, 1, 2, 1, 0, 3],
      "vertices": [-0.5,-0.5,-3.061617E-17, 0.5,0.5,3.061617E-17, 0.5,-0.5,-3.061617E-17, -0.5,0.5,3.061617E-17],
      "uvs": [0,0, 1,1, 1,0, 0,1],
      "normals": [0,0,-1, 0,0,-1, 0,0,-1, 0,0,-1]
    }
  ]
}